{"mean": [0.5573105812072754, 0.37420374155044556, 0.37020164728164673],
"std_dev": [0.24336038529872894, 0.2987397611141205, 0.31875079870224]}
